Study Hours,Predicted Marks
5.0,70.12594512018406
7.0,77.9973811534807
7.0,77.9973811534807
7.0,77.9973811534807
8.0,81.93309917012903
8.0,81.93309917012903
8.0,81.93309917012903
8.0,81.93309917012903
8.0,81.93309917012903
